<?xml version="1.0" encoding="UTF-8"?>
<project-private xmlns="http://www.netbeans.org/ns/project-private/1">
    <editor-bookmarks xmlns="http://www.netbeans.org/ns/editor-bookmarks/2" lastBookmarkId="0"/>
    <open-files xmlns="http://www.netbeans.org/ns/projectui-open-files/2">
        <group>
            <file>file:/C:/Users/ladul/Documents/NetBeansProjects/AnalizadorLexicoAlgebra/src/analizadorlexicoalgebra/DiagramGenerator.java</file>
            <file>file:/C:/Users/ladul/Documents/NetBeansProjects/AnalizadorLexicoAlgebra/src/analizadorlexicoalgebra/Parser.java</file>
            <file>file:/C:/Users/ladul/Documents/NetBeansProjects/AnalizadorLexicoAlgebra/src/analizadorlexicoalgebra/Lexer.java</file>
            <file>file:/C:/Users/ladul/Documents/NetBeansProjects/AnalizadorLexicoAlgebra/src/analizadorlexicoalgebra/DotIO.java</file>
            <file>file:/C:/Users/ladul/Documents/NetBeansProjects/AnalizadorLexicoAlgebra/src/analizadorlexicoalgebra/Token.java</file>
            <file>file:/C:/Users/ladul/Documents/NetBeansProjects/AnalizadorLexicoAlgebra/src/analizadorlexicoalgebra/TokenType.java</file>
            <file>file:/C:/Users/ladul/Documents/NetBeansProjects/AnalizadorLexicoAlgebra/src/analizadorlexicoalgebra/Main.java</file>
        </group>
    </open-files>
</project-private>
